id,upload_user,title,description,like_by,url_main,url_thumb,time,tags
0,0,Fox looking out,A great brown fox looking out into the wild,2|3,https://s3.amazonaws.com/photonetimages/0.jpg,https://s3.amazonaws.com/photonetimages/0_thumbnail_100_100.jpg,2018-02-02 17:30:00,animal|fox|wild
1,0,Spinning wheel,A great spinning wheel in the big carnival captivating people,0|3,https://s3.amazonaws.com/photonetimages/1.jpeg,https://s3.amazonaws.com/photonetimages/1_thumbnail_100_100.jpg,2017-07-05 19:00:00,carnival|people
2,1,The old world old man,An old man from the days gone by,0,https://s3.amazonaws.com/photonetimages/2.jpg,https://s3.amazonaws.com/photonetimages/2_thumbnail_100_100.jpg,2016-05-05 15:00:00,man|cap|table|clouds|tree|chairs
3,2,Woman with a unicorn,A woman finally free from her bonds,1,https://s3.amazonaws.com/photonetimages/3.jpg,https://s3.amazonaws.com/photonetimages/3_thumbnail_100_100.jpg,2018-01-17 19:40:30,unicorn|woman|white|water
4,2,Planes flying to the horizon,Two planes flying into the distant horizon,0|3,https://s3.amazonaws.com/photonetimages/4.jpg,https://s3.amazonaws.com/photonetimages/4_thumbnail_100_100.jpg,2017-12-01 13:20:00,planes|horizon
5,3,Leopard with cubs,A leopard with her cubs on a hillock,,https://s3.amazonaws.com/photonetimages/5.jpg,https://s3.amazonaws.com/photonetimages/5_thumbnail_100_100.jpg,2018-04-03 17:10:00,leopard|cubs|hillock
6,4,Embracing tango,A couple embracing in a Tango move,1|5,https://s3.amazonaws.com/photonetimages/6.jpg,https://s3.amazonaws.com/photonetimages/6_thumbnail_100_100.jpg,2018-03-24 19:00:00,man|woman|red|dance
7,3,Priceless eyes,The eyes that tell a thousand stories,5,https://s3.amazonaws.com/photonetimages/7.jpg,https://s3.amazonaws.com/photonetimages/7_thumbnail_100_100.jpg,2018-02-05 15:00:05,girl
8,0,The veteran machine,The war plane that is now also a decorated veteran,2|3,https://s3.amazonaws.com/photonetimages/8.jpg,https://s3.amazonaws.com/photonetimages/8_thumbnail_100_100.jpg,2018-01-01 15:00:00,plane|sky|clouds
9,1,Children climbing the hill,A group of playful children climb a hillock as their parents catch up with them,2,https://s3.amazonaws.com/photonetimages/9.jpg,https://s3.amazonaws.com/photonetimages/9_thumbnail_100_100.jpg,2017-02-05 07:30:00,kids|man|woman|wild
